AnnotSV_ID	SV_chrom	SV_start	SV_end	SV_length	SV_type	Gene_name	Location	Location2	Exomiser_gene_pheno_score	OMIM_phenotype	OMIM_morbid	P_gain_source	P_loss_source	P_ins_source	AnnotSV_ranking_score	ACMG_class	PhenoGenius_phenotype
12_123476174_123476174_INS_1	12	123476174	123476174	67	INS	RILPL1	intron6-intron6	CDS	0.3810	Oculopharyngodistal myopathy 4, 619790 (3) AD	yes					full=NA	Delayed speech and language development
2_204194605_208167783_INV_1	2	204194605	208167783	3973176	INV	FASTKD2	txStart-txEnd	5'UTR-3'UTR	0.4882	Combined oxidative phosphorylation deficiency 44, 618855 (3) AR	yes		morbid:FASTKD2			full=NA	Global developmental delay, Delayed speech and language development
16_21583121_22699430_INV_1	16	21583121	22699430	1116309	INV	OTOA	txStart-txEnd	5'UTR-3'UTR	0.4368	Deafness, AR 22, 607039 (3) AR	yes		dbVar:nssv15131563;dbVar:nssv17956491;dbVar:nssv17972458;dbVar:nssv8639647;dbVar:nssv8639828;morbid:OTOA			full=NA	
2_195916610_204194607_DEL_1	2	195916610	204194607	-8277997	DEL	HECW2	txStart-txEnd	5'UTR-3'UTR	0.7010	Neurodevelopmental disorder with hypotonia, seizures, and absent language, 617268 (3) AD	yes		morbid:HECW2			full=5	Global developmental delay, Autism, Delayed speech and language development
7_145048896_146600259_INV_1	7	145048896	146600259	1551363	INV	CNTNAP2	txStart-intron1	5'UTR-CDS	0.8345	Pitt-Hopkins like syndrome 1, 610042 (3) AR;(Autism susceptibility 15), 612100 (3)	yes		dbVar:nssv17970838			full=NA	Global developmental delay, Autism, Delayed speech and language development
1_241327036_241327036_INS_1	1	241327036	241327036	56	INS	RGS7	intron2-intron2	CDS	0.3171							full=NA	
8_8174929_12477756_INV_1	8	8174929	12477756	4302827	INV	ERI1	txStart-txEnd	5'UTR-3'UTR	0.7431	Hoxha-Aliu syndrome, 620662 (3) AR;Spondyloepimetaphyseal dysplasia, Guo-Campeau type, 620663 (3) AR	yes		morbid:ERI1			full=NA	Global developmental delay, Autism, Delayed speech and language development
7_746324_746376_DEL_1	7	746324	746376	-52	DEL	DNAAF5	intron4-intron4	CDS	0.5879	Ciliary dyskinesia, primary, 18, 614874 (3) AR	yes					full=3	Global developmental delay, Delayed speech and language development
7_122706261_122706313_DEL_1	7	122706261	122706313	-52	DEL	CADPS2	intron2-intron2	CDS	0.4487							full=3	
8_99648886_99648886_INS_1	8	99648886	99648886	3764	INS	VPS13B	intron34-intron34	CDS	0.6254	Cohen syndrome, 216550 (3) AR	yes					full=NA	Global developmental delay, Autism, Delayed speech and language development, Cryptorchidism
17_11711969_11712069_DEL_1	17	11711969	11712069	-100	DEL	DNAH9	intron26-intron26	CDS	0.5879	Ciliary dyskinesia, primary, 40, 618300 (3) AR	yes					full=3	Global developmental delay, Delayed speech and language development
7_20722919_20722919_INS_1	7	20722919	20722919	314	INS	ABCB5	intron20-intron20	CDS	0.3869							full=NA	
2_195916622_208561732_INV_1	2	195916622	208561732	12645110	INV	HECW2	txStart-txEnd	5'UTR-3'UTR	0.7010	Neurodevelopmental disorder with hypotonia, seizures, and absent language, 617268 (3) AD	yes		morbid:HECW2			full=NA	Global developmental delay, Autism, Delayed speech and language development
X_83878226_83878226_INS_1	X	83878226	83878226	1273	INS	CYLC1	intron3-intron3	CDS	0.4384	(Spermatogenic failure, XL, 8, susceptibility to), 301119 (3) XL						full=NA	
6_142318119_142318119_INS_1	6	142318119	142318119	80	INS	ADGRG6	intron2-intron2	CDS	0.4618	Lethal congenital contracture syndrome 9, 616503 (3) AR	yes					full=NA	Global developmental delay, Delayed speech and language development
6_168589613_168590083_DUP_1	6	168589613	168590083	470	DUP	SMOC2	intron7-intron7	CDS	0.3201	Dentin dysplasia, type I, with microdontia and misshapen teeth, 125400 (3) AR	yes					full=3	
22_17524554_17524554_INS_1	22	17524554	17524554	659	INS	CECR2	intron9-intron9	CDS	0.3518							full=NA	
8_30388500_30388500_INS_1	8	30388500	30388500	798	INS	RBPMS	intron1-intron1	CDS	0.3806							full=NA	
16_1457328_1457528_DEL_1	16	1457328	1457528	-200	DEL	CLCN7	intron8-exon9	CDS	0.4437	Hypopigmentation, organomegaly, and delayed myelination and development, 618541 (3) AD;Osteopetrosis, AD 2, 166600 (3) AD;Osteopetrosis, AR 4, 611490 (3) AR	yes			CLN:1484782;dbVar:nssv17971995		full=4	Global developmental delay, Delayed speech and language development
17_68431746_68431746_INS_1	17	68431746	68431746	181	INS	ARSG	intron11-intron11	CDS	0.3419	Usher syndrome, type IV, 618144 (3) AR	yes					full=NA	
7_154264997_154264997_INS_1	7	154264997	154264997	132	INS	DPP6	intron2-intron2	CDS	0.4918	Intellectual developmental disorder, AD 33, 616311 (3) AD;(Ventricular fibrillation, paroxysmal familial, 2), 612956 (3) AD	yes					full=NA	Global developmental delay, Delayed speech and language development
6_166925387_166925471_DEL_1	6	166925387	166925471	-84	DEL	RNASET2	exon9-exon9	3'UTR	0.6171	Leukoencephalopathy, cystic, without megalencephaly, 612951 (3) AR	yes					full=3	Global developmental delay, Delayed speech and language development
7_139635053_146600258_INV_1	7	139635053	146600258	6965204	INV	TBXAS1	txStart-txEnd	5'UTR-3'UTR	0.3573	Ghosal hematodiaphyseal syndrome, 231095 (3) AR	yes		dbVar:nssv15775017;morbid:TBXAS1			full=NA	Delayed speech and language development
6_170394579_170394579_INS_1	6	170394579	170394579	114	INS	FAM120B	intron8-intron8	CDS	0.2225							full=NA	
8_26005383_26005383_INS_1	8	26005383	26005383	669	INS	EBF2	intron6-intron6	CDS	0.4945							full=NA	
8_133214056_133214056_INS_1	8	133214056	133214056	685	INS	CCN4	intron2-intron2	CDS	0.3086							full=NA	
11_1287577_1287577_INS_1	11	1287577	1287577	882	INS	TOLLIP	intron2-intron2	CDS	0.1571							full=NA	
13_110457061_110457186_DEL_1	13	110457061	110457186	-125	DEL	COL4A2	intron20-intron20	CDS	0.5034	Brain small vessel disease 2, 614483 (3) AD;(Hemorrhage, intracerebral, susceptibility to), 614519 (3)	yes					full=3	Global developmental delay, Delayed speech and language development
20_62057756_62058634_DEL_1	20	62057756	62058634	-878	DEL	TAF4	intron2-intron2	CDS	0.7934	Intellectual developmental disorder, AD 73, 620450 (3) AD	yes					full=3	Global developmental delay, Autism, Delayed speech and language development
2_239124769_239124769_INS_1	2	239124769	239124769	426	INS	HDAC4	intron10-intron10	CDS	0.7418	Neurodevelopmental disorder with central hypotonia and dysmorphic facies, 619797 (3) AD	yes					full=NA	Global developmental delay, Autism, Delayed speech and language development, Cryptorchidism
2_195916622_208561734_INV_1	2	195916622	208561734	12645110	INV	HECW2	txStart-txEnd	5'UTR-3'UTR	0.7010	Neurodevelopmental disorder with hypotonia, seizures, and absent language, 617268 (3) AD	yes		morbid:HECW2			full=NA	Global developmental delay, Autism, Delayed speech and language development
6_142318006_142318006_INS_1	6	142318006	142318006	142	INS	ADGRG6	intron2-intron2	CDS	0.4618	Lethal congenital contracture syndrome 9, 616503 (3) AR	yes					full=NA	Global developmental delay, Delayed speech and language development
17_79732136_79732136_INS_1	17	79732136	79732136	70	INS	ENPP7	intron1-intron1	CDS	0.1889							full=NA	
14_102676508_102676508_INS_1	14	102676508	102676508	174	INS	RCOR1	intron2-intron2	CDS	0.1899							full=NA	
20_63450533_63450533_INS_1	20	63450533	63450533	1475	INS	KCNQ2	intron1-intron1	CDS	0.5131	Developmental and epileptic encephalopathy 7, 613720 (3) AD;Myokymia, 121200 (3) AD;Seizures, benign neonatal, 1, 121200 (3) AD	yes					full=NA	Global developmental delay, Delayed speech and language development
2_240780814_240780814_INS_1	2	240780814	240780814	150	INS	KIF1A	intron10-intron10	CDS	0.6201	NESCAV syndrome, 614255 (3) AD;Neuropathy, hereditary sensory, type IIC, 614213 (3) AR;Spastic paraplegia 30, AD, 610357 (3) AD;Spastic paraplegia 30, AR, 620607 (3) AR	yes					full=NA	Global developmental delay, Autism, Delayed speech and language development
6_168611295_168611368_DEL_1	6	168611295	168611368	-73	DEL	SMOC2	intron9-intron9	CDS	0.3201	Dentin dysplasia, type I, with microdontia and misshapen teeth, 125400 (3) AR	yes					full=3	
19_602106_602106_INS_1	19	602106	602106	259	INS	HCN2	intron1-intron1	CDS	0.5265	Febrile seizures, familial, 2, 602477 (3) AD;Generalized epilepsy with febrile seizures plus, type 11, 602477 (3) AD;(Epilepsy, idiopathic generalized, susceptibility to, 17), 602477 (3) AD	yes					full=NA	Global developmental delay, Delayed speech and language development
1_243480602_243480602_INS_1	1	243480602	243480602	649	INS	SDCCAG8	intron18-intron18	CDS	0.7856	Bardet-Biedl syndrome 16, 615993 (3) AR;Senior-Loken syndrome 7, 613615 (3) AR	yes					full=NA	Micropenis, Global developmental delay, Autism, Delayed speech and language development, Cryptorchidism
X_132396693_132396693_INS_1	X	132396693	132396693	524	INS	MBNL3	intron2-intron2	CDS	0.3330							full=NA	
X_74439187_74439187_INS_1	X	74439187	74439187	52	INS	SLC16A2	intron1-intron1	CDS	0.7080	Allan-Herndon-Dudley syndrome, 300523 (3) XL	yes					full=NA	Global developmental delay, Delayed speech and language development, Cryptorchidism
16_1204778_1204778_INS_1	16	1204778	1204778	253	INS	CACNA1H	intron10-intron10	CDS	0.4554	Hyperaldosteronism, familial, type IV, 617027 (3) AD;(Epilepsy, childhood absence, susceptibility to, 6), 611942 (3);(Epilepsy, idiopathic generalized, susceptibility to, 6), 611942 (3)	yes					full=NA	Autism, Cryptorchidism
11_1287576_1287576_INS_1	11	1287576	1287576	589	INS	TOLLIP	intron2-intron2	CDS	0.1571							full=NA	
1_16725245_234776441_INV_1	1	16725245	234776441	218051196	INV	ATP13A2	txStart-txEnd	5'UTR-3'UTR	0.4172	Kufor-Rakeb syndrome, 606693 (3) AR;Spastic paraplegia 78, AR, 617225 (3) AR	yes		CLN:966155;dbVar:nssv15770795;dbVar:nssv16252225;dbVar:nssv17971334;dbVar:nssv17971666;morbid:ATP13A2			full=NA	Global developmental delay, Delayed speech and language development
M_2_16569_DUP_1	M	2	16569	16569	DUP	ND1	txStart-txEnd	5'UTR-3'UTR	-1.0		yes		morbid:ND1			full=3	Global developmental delay, Delayed speech and language development, Cryptorchidism
18_28156485_28156485_INS_1	18	28156485	28156485	66	INS	CDH2	intron1-intron1	CDS	0.7772	?Attention deficit-hyperactivity disorder 8, 619957 (3) AR;Agenesis of corpus callosum, cardiac, ocular, and genital syndrome, 618929 (3) AD;Arrhythmogenic right ventricular dysplasia 14, 618920 (3) AD	yes					full=NA	Micropenis, Global developmental delay, Autism, Delayed speech and language development, Cryptorchidism
7_139635045_146600257_INV_1	7	139635045	146600257	6965204	INV	TBXAS1	txStart-txEnd	5'UTR-3'UTR	0.3573	Ghosal hematodiaphyseal syndrome, 231095 (3) AR	yes		dbVar:nssv15775017;morbid:TBXAS1			full=NA	Delayed speech and language development
11_126821351_126821351_INS_1	11	126821351	126821351	64	INS	KIRREL3	intron1-intron1	CDS	0.3156							full=NA	Global developmental delay, Delayed speech and language development
20_63442781_63442781_INS_1	20	63442781	63442781	226	INS	KCNQ2	intron4-intron4	CDS	0.5131	Developmental and epileptic encephalopathy 7, 613720 (3) AD;Myokymia, 121200 (3) AD;Seizures, benign neonatal, 1, 121200 (3) AD	yes					full=NA	Global developmental delay, Delayed speech and language development
6_166944980_166945050_DEL_1	6	166944980	166945050	-70	DEL	RNASET2	intron4-intron4	CDS	0.6171	Leukoencephalopathy, cystic, without megalencephaly, 612951 (3) AR	yes					full=3	Global developmental delay, Delayed speech and language development
X_12331884_12331940_DEL_1	X	12331884	12331940	-56	DEL	FRMPD4	intron3-intron3	CDS	0.7118	Intellectual developmental disorder, XL 104, 300983 (3) XL	yes					full=3	Global developmental delay, Autism, Delayed speech and language development
17_29895409_29895529_DEL_1	17	29895409	29895529	-120	DEL	SSH2	intron1-intron1	CDS	0.3038							full=3	
1_1245105_1245105_INS_1	1	1245105	1245105	422	INS	C1QTNF12	intron1-intron1	CDS	0.3545							full=NA	
6_88948164_88948294_DEL_1	6	88948164	88948294	-130	DEL	RNGTT	intron1-intron1	CDS	0.2870							full=3	
10_12691365_12691433_DEL_1	10	12691365	12691433	-68	DEL	CAMK1D	intron3-intron3	CDS	0.2757							full=3	
7_552130_552130_INS_1	7	552130	552130	673	INS	PRKAR1B	intron6-intron6	CDS	0.6793	Marbach-Schaaf neurodevelopmental syndrome, 619680 (3) AD	yes					full=NA	Global developmental delay, Autism, Delayed speech and language development
8_8174929_12477757_INV_1	8	8174929	12477757	4302827	INV	ERI1	txStart-txEnd	5'UTR-3'UTR	0.7431	Hoxha-Aliu syndrome, 620662 (3) AR;Spondyloepimetaphyseal dysplasia, Guo-Campeau type, 620663 (3) AR	yes		morbid:ERI1			full=NA	Global developmental delay, Autism, Delayed speech and language development
1_2071051_2071051_INS_1	1	2071051	2071051	65	INS	PRKCZ	intron4-intron4	CDS	0.8151							full=NA	Micropenis, Global developmental delay, Autism, Delayed speech and language development, Cryptorchidism
2_204194604_208167781_INV_1	2	204194604	208167781	3973176	INV	FASTKD2	txStart-txEnd	5'UTR-3'UTR	0.4882	Combined oxidative phosphorylation deficiency 44, 618855 (3) AR	yes		morbid:FASTKD2			full=NA	Global developmental delay, Delayed speech and language development
1_2401351_2401351_INS_1	1	2401351	2401351	337	INS	RER1	intron5-intron5	CDS	0.4195							full=NA	
11_118581932_118581932_INS_1	11	118581932	118581932	112	INS	ARCN1	intron1-intron1	CDS	0.8849	Short stature-micrognathia syndrome, 617164 (3) AD	yes					full=NA	Micropenis, Global developmental delay, Autism, Delayed speech and language development, Cryptorchidism
16_21505764_21909670_DUP_1	16	21505764	21909670	403906	DUP	OTOA	txStart-txEnd	5'UTR-3'UTR	0.4368	Deafness, AR 22, 607039 (3) AR	yes		dbVar:nssv15131563;dbVar:nssv17956491;dbVar:nssv17972458;dbVar:nssv8639647;dbVar:nssv8639828;morbid:OTOA			full=3	
6_29881345_29948314_DEL_1	6	29881345	29948314	-66969	DEL	HLA-H	txStart-txEnd	UTR	0.4432		yes		morbid:HLA-H			full=5	
10_97166623_97166623_INS_1	10	97166623	97166623	59	INS	SLIT1	intron1-intron1	CDS	0.2993							full=NA	
11_114148469_114148469_INS_1	11	114148469	114148469	56	INS	ZBTB16	intron2-intron2	CDS	0.4673	Leukemia, acute promyelocytic, PL2F/RARA type (3)	yes					full=NA	Micropenis, Global developmental delay, Delayed speech and language development, Cryptorchidism
20_32322975_32322975_INS_1	20	32322975	32322975	1274	INS	KIF3B	intron5-intron5	CDS	0.4584	Retinitis pigmentosa 89, 618955 (3) AD	yes					full=NA	
11_117769189_117769335_DEL_1	11	117769189	117769335	-146	DEL	DSCAML1	intron3-intron3	CDS	0.4081							full=3	
7_552405_552405_INS_1	7	552405	552405	62	INS	PRKAR1B	intron6-intron6	CDS	0.6793	Marbach-Schaaf neurodevelopmental syndrome, 619680 (3) AD	yes					full=NA	Global developmental delay, Autism, Delayed speech and language development
16_7567593_7567653_DEL_1	16	7567593	7567653	-60	DEL	RBFOX1	intron8-intron8	CDS	0.4394							full=3	Global developmental delay, Autism, Delayed speech and language development
7_145048896_146600260_INV_1	7	145048896	146600260	1551363	INV	CNTNAP2	txStart-intron1	5'UTR-CDS	0.8345	Pitt-Hopkins like syndrome 1, 610042 (3) AR;(Autism susceptibility 15), 612100 (3)	yes		dbVar:nssv17970838			full=NA	Global developmental delay, Autism, Delayed speech and language development
